{"cameraMode":{"drawMode":0,"name":"Shaded","section":"Shading Mode"},"sceneLighting":true,"audioPlay":false,"sceneViewState":{"m_AlwaysRefresh":false,"showFog":true,"showSkybox":true,"showFlares":true,"showImageEffects":true,"showParticleSystems":true,"showVisualEffectGraphs":true,"m_FxEnabled":true},"in2DMode":false,"pivot":{"x":-16.534297943115236,"y":8.680968284606934,"z":-28.615642547607423},"rotation":{"x":0.05433744937181473,"y":-0.13852918148040772,"z":0.00760682113468647,"w":0.9888423681259155},"size":8.071097373962403,"orthographic":false}